nombre,correo,rut
Carlos Alumno Pérez,carlos.alumno@alumnos.universidad.cl,20.123.456-7
María José Soto Silva,maria.soto@alumnos.universidad.cl,20.234.567-8
Pedro Andrés González Tapia,pedro.gonzalez@alumnos.universidad.cl,20.345.678-9
Valentina Paz Muñoz Rojas,valentina.munoz@alumnos.universidad.cl,20.456.789-0
Diego Ignacio Morales Castro,diego.morales@alumnos.universidad.cl,20.567.890-1
Constanza Belén Flores Vega,constanza.flores@alumnos.universidad.cl,20.678.901-2
Felipe Esteban Araya Núñez,felipe.araya@alumnos.universidad.cl,20.789.012-3
Javiera Ignacia Herrera Díaz,javiera.herrera@alumnos.universidad.cl,20.890.123-4
Sebastián Alonso Cisternas,sebastian.cisternas@alumnos.universidad.cl,20.901.234-5
Benjamín Alejandro Sobarzo,benjamin.sobarzo@alumnos.universidad.cl,21.012.345-6
